{
    "timestamp": "2026-05-27T00:00:00",
    "metrics": {
        "btc_price_ema_365": {
            "current_price": 74746.72123596171,
            "ema_365": 89214.53424379203,
            "daily_change_pct": -1.4208445738967825,
            "weekly_change_pct": -3.5027434276328235,
            "monthly_change_pct": -3.3796974772819426
        },
        "interest_rate": {
            "current_rate": 3.64,
            "monthly_change_pct": 0.0,
            "yearly_change_pct": -15.935334872979212
        },
        "m2_supply": {
            "m2_monthly_pct": 0.520576204245704,
            "m2_quarter_pct": 1.672811902288518,
            "m2_year_pct": 4.724532391610836
        },
        "mvrv": 1.6982072995452513,
        "mvrv_crosses": [
            0.9158711200594394,
            2.330039699096636
        ],
        "mayer_multiple": 0.8778007929295834,
        "rup": 0.6740089133059286,
        "sopr": 1.0157392973480464,
        "dollar_strength": {
            "current_index": 119.2868,
            "monthly_change_pct": 0.5787501559859883
        },
        "inflation": {
            "current_cpi": 332.407,
            "yoy_inflation_pct": 3.7792458367415627,
            "prev_yoy_inflation_pct": 3.2859577528652006,
            "inflation_trend": 0.493288083876362
        },
        "derivatives": {
            "open_interest": null,
            "long_short_ratio": null,
            "funding_rate": null,
            "basis_pct": null
        },
        "fear_and_greed": {
            "value": 25,
            "classification": "Extreme Fear",
            "timestamp": 1779840000
        },
        "macro_correlations": {
            "corr_spx_90d": 0.42036834464993084,
            "corr_gold_90d": 0.12403636524104357
        }
    },
    "meta": {
        "failed_fetches": [],
        "success_count": 13,
        "failed_count": 0
    }
}