{
    "timestamp": "2025-11-24T10:18:25.901778",
    "metrics": {
        "btc_price_ema_365": {
            "current_price": 86259.90258277215,
            "ema_365": 104633.89736849179,
            "daily_change_pct": -0.6037357177636243,
            "weekly_change_pct": -6.276649772278556,
            "monthly_change_pct": -22.72024413190433
        },
        "interest_rate": {
            "current_rate": 4.09,
            "monthly_change_pct": -3.0805687203791448,
            "yearly_change_pct": -15.320910973084889
        },
        "m2_supply": {
            "m2_monthly_pct": 0.4708617539034954,
            "m2_quarter_pct": 1.2309501239609055,
            "m2_year_pct": 4.492532047512632
        },
        "mvrv": 1.5488350662623889,
        "mvrv_crosses": [
            0.8224391509532979,
            2.330730069844569
        ],
        "mayer_multiple": 0.768858462709761,
        "rup": 0.5292851554415018,
        "sopr": 0.9876872609714537,
        "dollar_strength": {
            "current_index": 121.363,
            "monthly_change_pct": -0.17971484148493472
        },
        "inflation": {
            "current_cpi": 324.368,
            "yoy_inflation_pct": 3.0226996261723786,
            "prev_yoy_inflation_pct": 2.9392196249335485,
            "inflation_trend": 0.08348000123883015
        },
        "derivatives": {
            "open_interest": 96527.46,
            "long_short_ratio": null,
            "funding_rate": 7.604e-05,
            "basis_pct": -0.03179932917063102
        },
        "fear_and_greed": {
            "value": 19,
            "classification": "Extreme Fear",
            "timestamp": 1763942400
        },
        "macro_correlations": {
            "corr_spx_90d": 0.48268935357027154,
            "corr_gold_90d": 0.1988865104532561
        }
    }
}