{
    "timestamp": "2025-12-05T14:32:57.282026",
    "metrics": {
        "btc_price_ema_365": {
            "current_price": 88909.18134439927,
            "ema_365": 103713.16016508668,
            "daily_change_pct": -3.50716101172391,
            "weekly_change_pct": -2.244295936924332,
            "monthly_change_pct": -14.409965659905929
        },
        "interest_rate": {
            "current_rate": 3.88,
            "monthly_change_pct": -5.134474327628361,
            "yearly_change_pct": -16.379310344827584
        },
        "m2_supply": {
            "m2_monthly_pct": 0.3853685987619482,
            "m2_quarter_pct": 1.2224905578152256,
            "m2_year_pct": 4.646120489391348
        },
        "mvrv": 1.6709011990249063,
        "mvrv_crosses": [
            0.8784679000122878,
            2.403883787114124
        ],
        "mayer_multiple": 0.8422872238128652,
        "rup": 0.6471736485294671,
        "sopr": 0.9987264929400212,
        "dollar_strength": {
            "current_index": 121.4288,
            "monthly_change_pct": 0.32544332254581293
        },
        "inflation": {
            "current_cpi": 324.368,
            "yoy_inflation_pct": 3.0226996261723786,
            "prev_yoy_inflation_pct": 2.9392196249335485,
            "inflation_trend": 0.08348000123883015
        },
        "derivatives": {
            "open_interest": 88696.24,
            "long_short_ratio": null,
            "funding_rate": -1.29e-05,
            "basis_pct": -0.04183452693676591
        },
        "fear_and_greed": {
            "value": 28,
            "classification": "Fear",
            "timestamp": 1764892800
        },
        "macro_correlations": {
            "corr_spx_90d": 0.4964950687957727,
            "corr_gold_90d": 0.13889478950373255
        }
    }
}