{
    "timestamp": "2026-06-09T00:00:00",
    "metrics": {
        "btc_price_ema_365": {
            "current_price": 61668.95898007429,
            "ema_365": 87867.09213822329,
            "daily_change_pct": -2.234490110519629,
            "weekly_change_pct": -7.473229451025482,
            "monthly_change_pct": -24.927303606496615
        },
        "interest_rate": {
            "current_rate": 3.63,
            "monthly_change_pct": -0.2747252747252811,
            "yearly_change_pct": -16.16628175519631
        },
        "m2_supply": {
            "m2_monthly_pct": 0.520576204245704,
            "m2_quarter_pct": 1.672811902288518,
            "m2_year_pct": 4.724532391610836
        },
        "mvrv": 1.6982072995452513,
        "mvrv_crosses": [
            0.9158711200594394,
            2.330039699096636
        ],
        "mayer_multiple": 0.8778007929295834,
        "rup": 0.6740089133059286,
        "sopr": 1.0157392973480464,
        "dollar_strength": {
            "current_index": 120.0831,
            "monthly_change_pct": 1.232837101787464
        },
        "inflation": {
            "current_cpi": 332.407,
            "yoy_inflation_pct": 3.7792458367415627,
            "prev_yoy_inflation_pct": 3.2859577528652006,
            "inflation_trend": 0.493288083876362
        },
        "derivatives": {
            "open_interest": null,
            "long_short_ratio": null,
            "funding_rate": null,
            "basis_pct": null
        },
        "fear_and_greed": {
            "value": 10,
            "classification": "Extreme Fear",
            "timestamp": 1780963200
        },
        "macro_correlations": null
    },
    "meta": {
        "failed_fetches": [],
        "success_count": 12,
        "failed_count": 0
    }
}