{
    "timestamp": "2025-12-09T13:45:07.207019",
    "metrics": {
        "btc_price_ema_365": {
            "current_price": 94036.22989933954,
            "ema_365": 103453.87716646389,
            "daily_change_pct": 3.772069964079442,
            "weekly_change_pct": 2.946526928005753,
            "monthly_change_pct": -10.193373581355726
        },
        "interest_rate": {
            "current_rate": 3.88,
            "monthly_change_pct": -5.134474327628361,
            "yearly_change_pct": -16.379310344827584
        },
        "m2_supply": {
            "m2_monthly_pct": 0.3853685987619482,
            "m2_quarter_pct": 1.2224905578152256,
            "m2_year_pct": 4.646120489391348
        },
        "mvrv": 1.6333282040606945,
        "mvrv_crosses": [
            0.8764202447153557,
            2.3801198503449736
        ],
        "mayer_multiple": 0.8247820045759172,
        "rup": 0.6109711118326473,
        "sopr": 0.9999814820736396,
        "dollar_strength": {
            "current_index": 121.0615,
            "monthly_change_pct": -0.9555794632228769
        },
        "inflation": {
            "current_cpi": 324.368,
            "yoy_inflation_pct": 3.0226996261723786,
            "prev_yoy_inflation_pct": 2.9392196249335485,
            "inflation_trend": 0.08348000123883015
        },
        "derivatives": {
            "open_interest": 90417.007,
            "long_short_ratio": null,
            "funding_rate": 7.976e-05,
            "basis_pct": -0.030430019478149748
        },
        "fear_and_greed": {
            "value": 22,
            "classification": "Extreme Fear",
            "timestamp": 1765238400
        },
        "macro_correlations": {
            "corr_spx_90d": 0.4848151450931607,
            "corr_gold_90d": 0.1377328583064641
        }
    }
}