{
    "timestamp": "2026-05-13T00:00:00",
    "metrics": {
        "btc_price_ema_365": {
            "current_price": 79251.05275950505,
            "ema_365": 89486.52899965762,
            "daily_change_pct": -1.528105992377904,
            "weekly_change_pct": -2.669871079291853,
            "monthly_change_pct": 6.356366110554247
        },
        "interest_rate": {
            "current_rate": 3.64,
            "monthly_change_pct": 0.0,
            "yearly_change_pct": -15.935334872979212
        },
        "m2_supply": {
            "m2_monthly_pct": 0.25942114171819686,
            "m2_quarter_pct": 1.487008803951051,
            "m2_year_pct": 4.574621086403363
        },
        "mvrv": 1.6982072995452513,
        "mvrv_crosses": [
            0.9158711200594394,
            2.330039699096636
        ],
        "mayer_multiple": 0.8778007929295834,
        "rup": 0.6740089133059286,
        "sopr": 1.0157392973480464,
        "dollar_strength": {
            "current_index": 118.0392,
            "monthly_change_pct": -0.8570497465135187
        },
        "inflation": {
            "current_cpi": 332.407,
            "yoy_inflation_pct": 3.7792458367415627,
            "prev_yoy_inflation_pct": 3.2859577528652006,
            "inflation_trend": 0.493288083876362
        },
        "derivatives": {
            "open_interest": null,
            "long_short_ratio": null,
            "funding_rate": null,
            "basis_pct": null
        },
        "fear_and_greed": {
            "value": 42,
            "classification": "Fear",
            "timestamp": 1778630400
        },
        "macro_correlations": {
            "corr_spx_90d": 0.4261289560788841,
            "corr_gold_90d": 0.09850771660927926
        }
    },
    "meta": {
        "failed_fetches": [],
        "success_count": 13,
        "failed_count": 0
    }
}