{
    "timestamp": "2025-11-28T12:39:52.687221",
    "metrics": {
        "btc_price_ema_365": {
            "current_price": 92698.98673620186,
            "ema_365": 104029.68668294577,
            "daily_change_pct": 1.5555880566072084,
            "weekly_change_pct": 8.991208455572098,
            "monthly_change_pct": -15.763932374401316
        },
        "interest_rate": {
            "current_rate": 4.09,
            "monthly_change_pct": -3.0805687203791448,
            "yearly_change_pct": -15.320910973084889
        },
        "m2_supply": {
            "m2_monthly_pct": 0.3853685987619482,
            "m2_quarter_pct": 1.2224905578152256,
            "m2_year_pct": 4.646120489391348
        },
        "mvrv": 1.6035705962470503,
        "mvrv_crosses": [
            0.8215402751079625,
            2.316014076632328
        ],
        "mayer_multiple": 0.8024400304016079,
        "rup": 0.582097186291288,
        "sopr": 1.0779149446696334,
        "dollar_strength": {
            "current_index": 122.235,
            "monthly_change_pct": 0.7691546718108462
        },
        "inflation": {
            "current_cpi": 324.368,
            "yoy_inflation_pct": 3.0226996261723786,
            "prev_yoy_inflation_pct": 2.9392196249335485,
            "inflation_trend": 0.08348000123883015
        },
        "derivatives": {
            "open_interest": 90607.744,
            "long_short_ratio": null,
            "funding_rate": -6.1e-06,
            "basis_pct": -0.06074322902493941
        },
        "fear_and_greed": {
            "value": 25,
            "classification": "Extreme Fear",
            "timestamp": 1764288000
        },
        "macro_correlations": {
            "corr_spx_90d": 0.4767910298091895,
            "corr_gold_90d": 0.20409249855399825
        }
    }
}