{
    "timestamp": "2026-04-09T00:00:00",
    "metrics": {
        "btc_price_ema_365": {
            "current_price": 72247.55925970344,
            "ema_365": 88707.12984920856,
            "daily_change_pct": 1.5896071255197268,
            "weekly_change_pct": 8.006819273456351,
            "monthly_change_pct": 3.3835841099902626
        },
        "interest_rate": {
            "current_rate": 3.64,
            "monthly_change_pct": 0.0,
            "yearly_change_pct": -15.935334872979212
        },
        "m2_supply": {
            "m2_monthly_pct": 0.8821003066433519,
            "m2_quarter_pct": 1.663041284506539,
            "m2_year_pct": 4.877112135176653
        },
        "mvrv": 1.6982072995452513,
        "mvrv_crosses": [
            0.9158711200594394,
            2.330039699096636
        ],
        "mayer_multiple": 0.8778007929295834,
        "rup": 0.6740089133059286,
        "sopr": 1.0157392973480464,
        "dollar_strength": {
            "current_index": 120.6565,
            "monthly_change_pct": 1.0234932904421714
        },
        "inflation": {
            "current_cpi": 327.46,
            "yoy_inflation_pct": 2.43400411037322,
            "prev_yoy_inflation_pct": 2.391201432150015,
            "inflation_trend": 0.04280267822320516
        },
        "derivatives": {
            "open_interest": null,
            "long_short_ratio": null,
            "funding_rate": null,
            "basis_pct": null
        },
        "fear_and_greed": {
            "value": 14,
            "classification": "Extreme Fear",
            "timestamp": 1775692800
        },
        "macro_correlations": null
    },
    "meta": {
        "failed_fetches": [],
        "success_count": 12,
        "failed_count": 0
    }
}