{
    "timestamp": "2026-05-26T00:00:00",
    "metrics": {
        "btc_price_ema_365": {
            "current_price": 75846.60471627244,
            "ema_365": 89332.4998779371,
            "daily_change_pct": -1.4827689427841235,
            "weekly_change_pct": -1.436748955498558,
            "monthly_change_pct": -2.283634464699338
        },
        "interest_rate": {
            "current_rate": 3.64,
            "monthly_change_pct": 0.0,
            "yearly_change_pct": -15.935334872979212
        },
        "m2_supply": {
            "m2_monthly_pct": 0.520576204245704,
            "m2_quarter_pct": 1.672811902288518,
            "m2_year_pct": 4.724532391610836
        },
        "mvrv": 1.6982072995452513,
        "mvrv_crosses": [
            0.9158711200594394,
            2.330039699096636
        ],
        "mayer_multiple": 0.8778007929295834,
        "rup": 0.6740089133059286,
        "sopr": 1.0157392973480464,
        "dollar_strength": {
            "current_index": 119.2825,
            "monthly_change_pct": 0.7774434934096365
        },
        "inflation": {
            "current_cpi": 332.407,
            "yoy_inflation_pct": 3.7792458367415627,
            "prev_yoy_inflation_pct": 3.2859577528652006,
            "inflation_trend": 0.493288083876362
        },
        "derivatives": {
            "open_interest": null,
            "long_short_ratio": null,
            "funding_rate": null,
            "basis_pct": null
        },
        "fear_and_greed": {
            "value": 34,
            "classification": "Fear",
            "timestamp": 1779753600
        },
        "macro_correlations": {
            "corr_spx_90d": 0.4243394778859647,
            "corr_gold_90d": 0.1252647754642455
        }
    },
    "meta": {
        "failed_fetches": [],
        "success_count": 13,
        "failed_count": 0
    }
}