{
    "timestamp": "2026-04-15T00:00:00",
    "metrics": {
        "btc_price_ema_365": {
            "current_price": 73973.31250547532,
            "ema_365": 88341.34835529052,
            "daily_change_pct": -0.28011925436792595,
            "weekly_change_pct": 4.0162440393474945,
            "monthly_change_pct": -1.1820172030466076
        },
        "interest_rate": {
            "current_rate": 3.64,
            "monthly_change_pct": 0.0,
            "yearly_change_pct": -15.935334872979212
        },
        "m2_supply": {
            "m2_monthly_pct": 0.8821003066433519,
            "m2_quarter_pct": 1.663041284506539,
            "m2_year_pct": 4.877112135176653
        },
        "mvrv": 1.6982072995452513,
        "mvrv_crosses": [
            0.9158711200594394,
            2.330039699096636
        ],
        "mayer_multiple": 0.8778007929295834,
        "rup": 0.6740089133059286,
        "sopr": 1.0157392973480464,
        "dollar_strength": {
            "current_index": 118.8552,
            "monthly_change_pct": 0.10924359130936463
        },
        "inflation": {
            "current_cpi": 330.293,
            "yoy_inflation_pct": 3.2859577528652006,
            "prev_yoy_inflation_pct": 2.43400411037322,
            "inflation_trend": 0.8519536424919805
        },
        "derivatives": {
            "open_interest": null,
            "long_short_ratio": null,
            "funding_rate": null,
            "basis_pct": null
        },
        "fear_and_greed": {
            "value": 23,
            "classification": "Extreme Fear",
            "timestamp": 1776211200
        },
        "macro_correlations": {
            "corr_spx_90d": 0.5338782971826577,
            "corr_gold_90d": 0.050536045388036265
        }
    },
    "meta": {
        "failed_fetches": [],
        "success_count": 13,
        "failed_count": 0
    }
}