{
    "timestamp": "2025-12-14T22:08:10.487979",
    "metrics": {
        "btc_price_ema_365": {
            "current_price": 88536.34796701492,
            "ema_365": 104002.84475921026,
            "daily_change_pct": 0.3463347981185934,
            "weekly_change_pct": -2.2972304883770716,
            "monthly_change_pct": -7.299848795731208
        },
        "interest_rate": {
            "current_rate": 3.88,
            "monthly_change_pct": -5.134474327628361,
            "yearly_change_pct": -16.379310344827584
        },
        "m2_supply": {
            "m2_monthly_pct": 0.3853685987619482,
            "m2_quarter_pct": 1.2224905578152256,
            "m2_year_pct": 4.646120489391348
        },
        "mvrv": 1.6330916465135732,
        "mvrv_crosses": [
            0.892055896244923,
            2.39700269619632
        ],
        "mayer_multiple": 0.8304086291041118,
        "rup": 0.6108262889583437,
        "sopr": 1.0279862043355197,
        "dollar_strength": {
            "current_index": 121.0615,
            "monthly_change_pct": -0.9555794632228769
        },
        "inflation": {
            "current_cpi": 324.368,
            "yoy_inflation_pct": 3.0226996261723786,
            "prev_yoy_inflation_pct": 2.9392196249335485,
            "inflation_trend": 0.08348000123883015
        },
        "derivatives": {
            "open_interest": 88828.49,
            "long_short_ratio": null,
            "funding_rate": 1.119e-05,
            "basis_pct": -0.061157961974567035
        },
        "fear_and_greed": {
            "value": 16,
            "classification": "Extreme Fear",
            "timestamp": 1765756800
        },
        "macro_correlations": {
            "corr_spx_90d": 0.47873894809669004,
            "corr_gold_90d": 0.14390319515530853
        }
    }
}