{
    "timestamp": "2026-06-22T00:00:00",
    "metrics": {
        "btc_price_ema_365": {
            "current_price": 64408.30846969495,
            "ema_365": 85006.50891796508,
            "daily_change_pct": 1.860515739616964,
            "weekly_change_pct": -2.8546345461839673,
            "monthly_change_pct": -15.995875405735733
        },
        "interest_rate": {
            "current_rate": 3.63,
            "monthly_change_pct": -0.2747252747252811,
            "yearly_change_pct": -16.16628175519631
        },
        "m2_supply": {
            "m2_monthly_pct": 0.520576204245704,
            "m2_quarter_pct": 1.672811902288518,
            "m2_year_pct": 4.724532391610836
        },
        "mvrv": 1.6982072995452513,
        "mvrv_crosses": [
            0.9158711200594394,
            2.330039699096636
        ],
        "mayer_multiple": 0.8778007929295834,
        "rup": 0.6740089133059286,
        "sopr": 1.0157392973480464,
        "dollar_strength": {
            "current_index": 119.5073,
            "monthly_change_pct": 0.8297911474319981
        },
        "inflation": {
            "current_cpi": 333.979,
            "yoy_inflation_pct": 4.166614684049648,
            "prev_yoy_inflation_pct": 3.7792458367415627,
            "inflation_trend": 0.3873688473080854
        },
        "derivatives": {
            "open_interest": null,
            "long_short_ratio": null,
            "funding_rate": null,
            "basis_pct": null
        },
        "fear_and_greed": {
            "value": 20,
            "classification": "Extreme Fear",
            "timestamp": 1782086400
        },
        "macro_correlations": {
            "corr_spx_90d": 0.38909530146440907,
            "corr_gold_90d": 0.2556381827408287
        }
    },
    "meta": {
        "failed_fetches": [],
        "success_count": 13,
        "failed_count": 0
    }
}