{
    "timestamp": "2026-04-04T00:00:00",
    "metrics": {
        "btc_price_ema_365": {
            "current_price": 67330.87381966696,
            "ema_365": 89365.41832522722,
            "daily_change_pct": 0.5843806498073657,
            "weekly_change_pct": 1.5226058472219797,
            "monthly_change_pct": -5.000513168581023
        },
        "interest_rate": {
            "current_rate": 3.64,
            "monthly_change_pct": 0.0,
            "yearly_change_pct": -15.935334872979212
        },
        "m2_supply": {
            "m2_monthly_pct": 0.8821003066433519,
            "m2_quarter_pct": 1.663041284506539,
            "m2_year_pct": 4.877112135176653
        },
        "mvrv": 1.6982072995452513,
        "mvrv_crosses": [
            0.9158711200594394,
            2.330039699096636
        ],
        "mayer_multiple": 0.8778007929295834,
        "rup": 0.6740089133059286,
        "sopr": 1.0157392973480464,
        "dollar_strength": {
            "current_index": 120.8851,
            "monthly_change_pct": 2.599507903003078
        },
        "inflation": {
            "current_cpi": 327.46,
            "yoy_inflation_pct": 2.43400411037322,
            "prev_yoy_inflation_pct": 2.391201432150015,
            "inflation_trend": 0.04280267822320516
        },
        "derivatives": {
            "open_interest": null,
            "long_short_ratio": null,
            "funding_rate": null,
            "basis_pct": null
        },
        "fear_and_greed": {
            "value": 11,
            "classification": "Extreme Fear",
            "timestamp": 1775260800
        },
        "macro_correlations": {
            "corr_spx_90d": 0.5662924375847419,
            "corr_gold_90d": 0.07866505839942782
        }
    },
    "meta": {
        "failed_fetches": [],
        "success_count": 13,
        "failed_count": 0
    }
}