{
    "timestamp": "2025-12-12T21:05:53.668853",
    "metrics": {
        "btc_price_ema_365": {
            "current_price": 90263.85797548073,
            "ema_365": 103607.2982804577,
            "daily_change_pct": -2.4113074090482165,
            "weekly_change_pct": 1.0713219004199839,
            "monthly_change_pct": -11.089106728904202
        },
        "interest_rate": {
            "current_rate": 3.88,
            "monthly_change_pct": -5.134474327628361,
            "yearly_change_pct": -16.379310344827584
        },
        "m2_supply": {
            "m2_monthly_pct": 0.3853685987619482,
            "m2_quarter_pct": 1.2224905578152256,
            "m2_year_pct": 4.646120489391348
        },
        "mvrv": 1.6680010604220186,
        "mvrv_crosses": [
            0.8852555716547859,
            2.3893933851079474
        ],
        "mayer_multiple": 0.8453959751036078,
        "rup": 0.6444634541198443,
        "sopr": 1.0171518939607531,
        "dollar_strength": {
            "current_index": 121.0615,
            "monthly_change_pct": -0.9555794632228769
        },
        "inflation": {
            "current_cpi": 324.368,
            "yoy_inflation_pct": 3.0226996261723786,
            "prev_yoy_inflation_pct": 2.9392196249335485,
            "inflation_trend": 0.08348000123883015
        },
        "derivatives": {
            "open_interest": 87643.907,
            "long_short_ratio": null,
            "funding_rate": 1.65e-06,
            "basis_pct": -0.02813405757529646
        },
        "fear_and_greed": {
            "value": 23,
            "classification": "Extreme Fear",
            "timestamp": 1765584000
        },
        "macro_correlations": {
            "corr_spx_90d": 0.4602667834365991,
            "corr_gold_90d": 0.1469454228140091
        }
    }
}