{
    "timestamp": "2025-12-16T18:01:58.230764",
    "metrics": {
        "btc_price_ema_365": {
            "current_price": 87597.60958564984,
            "ema_365": 104083.71813465311,
            "daily_change_pct": 1.3697915561706622,
            "weekly_change_pct": -5.527854276584899,
            "monthly_change_pct": -7.217057448823335
        },
        "interest_rate": {
            "current_rate": 3.88,
            "monthly_change_pct": -5.134474327628361,
            "yearly_change_pct": -16.379310344827584
        },
        "m2_supply": {
            "m2_monthly_pct": 0.3853685987619482,
            "m2_quarter_pct": 1.2224905578152256,
            "m2_year_pct": 4.646120489391348
        },
        "mvrv": 1.564352825979976,
        "mvrv_crosses": [
            0.885329162839639,
            2.373554387343308
        ],
        "mayer_multiple": 0.7960242442932546,
        "rup": 0.544526565842972,
        "sopr": 1.0119867853484377,
        "dollar_strength": {
            "current_index": 120.5383,
            "monthly_change_pct": -0.747328645923813
        },
        "inflation": {
            "current_cpi": 324.368,
            "yoy_inflation_pct": 3.0226996261723786,
            "prev_yoy_inflation_pct": 2.9392196249335485,
            "inflation_trend": 0.08348000123883015
        },
        "derivatives": {
            "open_interest": 88764.972,
            "long_short_ratio": null,
            "funding_rate": 3.472e-05,
            "basis_pct": -0.03797507651973359
        },
        "fear_and_greed": {
            "value": 11,
            "classification": "Extreme Fear",
            "timestamp": 1765843200
        },
        "macro_correlations": {
            "corr_spx_90d": 0.4801086292310906,
            "corr_gold_90d": 0.14487336943725818
        }
    }
}