{
    "timestamp": "2026-07-01T00:00:00",
    "metrics": {
        "btc_price_ema_365": {
            "current_price": 59981.57998963883,
            "ema_365": 84413.90871246751,
            "daily_change_pct": 2.4437471006435616,
            "weekly_change_pct": -1.5226242649575235,
            "monthly_change_pct": -15.945478372770916
        },
        "interest_rate": {
            "current_rate": 3.63,
            "monthly_change_pct": -0.2747252747252811,
            "yearly_change_pct": -16.16628175519631
        },
        "m2_supply": {
            "m2_monthly_pct": 1.086627639281712,
            "m2_quarter_pct": 1.8800631107221744,
            "m2_year_pct": 5.580313182711283
        },
        "mvrv": 1.6982072995452513,
        "mvrv_crosses": [
            0.9158711200594394,
            2.330039699096636
        ],
        "mayer_multiple": 0.8778007929295834,
        "rup": 0.6740089133059286,
        "sopr": 1.0157392973480464,
        "dollar_strength": {
            "current_index": 120.8866,
            "monthly_change_pct": 1.4408036949020546
        },
        "inflation": {
            "current_cpi": 333.979,
            "yoy_inflation_pct": 4.166614684049648,
            "prev_yoy_inflation_pct": 3.7792458367415627,
            "inflation_trend": 0.3873688473080854
        },
        "derivatives": {
            "open_interest": null,
            "long_short_ratio": null,
            "funding_rate": null,
            "basis_pct": null
        },
        "fear_and_greed": {
            "value": 11,
            "classification": "Extreme Fear",
            "timestamp": 1782864000
        },
        "macro_correlations": {
            "corr_spx_90d": 0.31425660627887164,
            "corr_gold_90d": 0.25525858525299694
        }
    },
    "meta": {
        "failed_fetches": [],
        "success_count": 13,
        "failed_count": 0
    }
}