{
    "timestamp": "2025-12-07T17:39:18.871039",
    "metrics": {
        "btc_price_ema_365": {
            "current_price": 91383.50073278317,
            "ema_365": 103914.5660117051,
            "daily_change_pct": 2.3964864732569393,
            "weekly_change_pct": 1.080916279914327,
            "monthly_change_pct": -11.618025551195545
        },
        "interest_rate": {
            "current_rate": 3.88,
            "monthly_change_pct": -5.134474327628361,
            "yearly_change_pct": -16.379310344827584
        },
        "m2_supply": {
            "m2_monthly_pct": 0.3853685987619482,
            "m2_quarter_pct": 1.2224905578152256,
            "m2_year_pct": 4.646120489391348
        },
        "mvrv": 1.6709011990249063,
        "mvrv_crosses": [
            0.8784679000122878,
            2.403883787114124
        ],
        "mayer_multiple": 0.8422872238128652,
        "rup": 0.6471736485294671,
        "sopr": 0.9987264929400212,
        "dollar_strength": {
            "current_index": 121.4288,
            "monthly_change_pct": 0.32544332254581293
        },
        "inflation": {
            "current_cpi": 324.368,
            "yoy_inflation_pct": 3.0226996261723786,
            "prev_yoy_inflation_pct": 2.9392196249335485,
            "inflation_trend": 0.08348000123883015
        },
        "derivatives": {
            "open_interest": 87907.876,
            "long_short_ratio": null,
            "funding_rate": 1.389e-05,
            "basis_pct": -0.04116298044289993
        },
        "fear_and_greed": {
            "value": 20,
            "classification": "Extreme Fear",
            "timestamp": 1765065600
        },
        "macro_correlations": {
            "corr_spx_90d": 0.490196818068577,
            "corr_gold_90d": 0.13601152236204886
        }
    }
}