{
    "timestamp": "2025-12-17T17:43:10.884230",
    "metrics": {
        "btc_price_ema_365": {
            "current_price": 85931.9280335439,
            "ema_365": 103980.47160254436,
            "daily_change_pct": -2.1520388310425447,
            "weekly_change_pct": -6.600945669106421,
            "monthly_change_pct": -6.633001595347247
        },
        "interest_rate": {
            "current_rate": 3.88,
            "monthly_change_pct": -5.134474327628361,
            "yearly_change_pct": -16.379310344827584
        },
        "m2_supply": {
            "m2_monthly_pct": 0.3853685987619482,
            "m2_quarter_pct": 1.2224905578152256,
            "m2_year_pct": 4.646120489391348
        },
        "mvrv": 1.564352825979976,
        "mvrv_crosses": [
            0.885329162839639,
            2.373554387343308
        ],
        "mayer_multiple": 0.7960242442932546,
        "rup": 0.544526565842972,
        "sopr": 1.0119867853484377,
        "dollar_strength": {
            "current_index": 120.5383,
            "monthly_change_pct": -0.747328645923813
        },
        "inflation": {
            "current_cpi": 324.368,
            "yoy_inflation_pct": 3.0226996261723786,
            "prev_yoy_inflation_pct": 2.9392196249335485,
            "inflation_trend": 0.08348000123883015
        },
        "derivatives": {
            "open_interest": 88437.183,
            "long_short_ratio": null,
            "funding_rate": 7.457e-05,
            "basis_pct": -0.03373272402331924
        },
        "fear_and_greed": {
            "value": 16,
            "classification": "Extreme Fear",
            "timestamp": 1765929600
        },
        "macro_correlations": {
            "corr_spx_90d": 0.4650370708465611,
            "corr_gold_90d": 0.14771467197778226
        }
    }
}