{
    "timestamp": "2025-12-03T11:20:14.954616",
    "metrics": {
        "btc_price_ema_365": {
            "current_price": 92470.18291016736,
            "ema_365": 103695.17788427687,
            "daily_change_pct": 1.232090920587002,
            "weekly_change_pct": 2.2061046571091425,
            "monthly_change_pct": -13.190725196613853
        },
        "interest_rate": {
            "current_rate": 3.88,
            "monthly_change_pct": -5.134474327628361,
            "yearly_change_pct": -16.379310344827584
        },
        "m2_supply": {
            "m2_monthly_pct": 0.3853685987619482,
            "m2_quarter_pct": 1.2224905578152256,
            "m2_year_pct": 4.646120489391348
        },
        "mvrv": 1.642597123648,
        "mvrv_crosses": [
            0.8659134582217224,
            2.3964818363050613
        ],
        "mayer_multiple": 0.8257054000568772,
        "rup": 0.6198198305558124,
        "sopr": 1.0081624386057233,
        "dollar_strength": {
            "current_index": 121.4288,
            "monthly_change_pct": 0.32544332254581293
        },
        "inflation": {
            "current_cpi": 324.368,
            "yoy_inflation_pct": 3.0226996261723786,
            "prev_yoy_inflation_pct": 2.9392196249335485,
            "inflation_trend": 0.08348000123883015
        },
        "derivatives": {
            "open_interest": 89139.884,
            "long_short_ratio": null,
            "funding_rate": -5.2e-06,
            "basis_pct": -0.07695531320547802
        },
        "fear_and_greed": {
            "value": 28,
            "classification": "Fear",
            "timestamp": 1764720000
        },
        "macro_correlations": {
            "corr_spx_90d": 0.49595263221584807,
            "corr_gold_90d": 0.17173396901248072
        }
    }
}