{
    "timestamp": "2026-04-29T00:00:00",
    "metrics": {
        "btc_price_ema_365": {
            "current_price": 75834.27562333894,
            "ema_365": 88853.768829415,
            "daily_change_pct": -0.6692620072580959,
            "weekly_change_pct": -3.0187534569649768,
            "monthly_change_pct": 13.695803051580988
        },
        "interest_rate": {
            "current_rate": 3.64,
            "monthly_change_pct": 0.0,
            "yearly_change_pct": -15.935334872979212
        },
        "m2_supply": {
            "m2_monthly_pct": 0.25942114171819686,
            "m2_quarter_pct": 1.487008803951051,
            "m2_year_pct": 4.574621086403363
        },
        "mvrv": 1.6982072995452513,
        "mvrv_crosses": [
            0.9158711200594394,
            2.330039699096636
        ],
        "mayer_multiple": 0.8778007929295834,
        "rup": 0.6740089133059286,
        "sopr": 1.0157392973480464,
        "dollar_strength": {
            "current_index": 118.7294,
            "monthly_change_pct": -1.165492239624734
        },
        "inflation": {
            "current_cpi": 330.293,
            "yoy_inflation_pct": 3.2859577528652006,
            "prev_yoy_inflation_pct": 2.43400411037322,
            "inflation_trend": 0.8519536424919805
        },
        "derivatives": {
            "open_interest": null,
            "long_short_ratio": null,
            "funding_rate": null,
            "basis_pct": null
        },
        "fear_and_greed": {
            "value": 26,
            "classification": "Fear",
            "timestamp": 1777420800
        },
        "macro_correlations": {
            "corr_spx_90d": 0.5144246848015099,
            "corr_gold_90d": 0.07847903714985413
        }
    },
    "meta": {
        "failed_fetches": [],
        "success_count": 13,
        "failed_count": 0
    }
}