{
    "timestamp": "2026-04-24T00:00:00",
    "metrics": {
        "btc_price_ema_365": {
            "current_price": 77889.88543725494,
            "ema_365": 89130.17529635307,
            "daily_change_pct": -0.47371787150239403,
            "weekly_change_pct": 0.9872390205415225,
            "monthly_change_pct": 9.228283992853408
        },
        "interest_rate": {
            "current_rate": 3.64,
            "monthly_change_pct": 0.0,
            "yearly_change_pct": -15.935334872979212
        },
        "m2_supply": {
            "m2_monthly_pct": 0.8821003066433519,
            "m2_quarter_pct": 1.663041284506539,
            "m2_year_pct": 4.877112135176653
        },
        "mvrv": 1.6982072995452513,
        "mvrv_crosses": [
            0.9158711200594394,
            2.330039699096636
        ],
        "mayer_multiple": 0.8778007929295834,
        "rup": 0.6740089133059286,
        "sopr": 1.0157392973480464,
        "dollar_strength": {
            "current_index": 118.0795,
            "monthly_change_pct": -1.4631219499168926
        },
        "inflation": {
            "current_cpi": 330.293,
            "yoy_inflation_pct": 3.2859577528652006,
            "prev_yoy_inflation_pct": 2.43400411037322,
            "inflation_trend": 0.8519536424919805
        },
        "derivatives": {
            "open_interest": null,
            "long_short_ratio": null,
            "funding_rate": null,
            "basis_pct": null
        },
        "fear_and_greed": {
            "value": 39,
            "classification": "Fear",
            "timestamp": 1776988800
        },
        "macro_correlations": {
            "corr_spx_90d": 0.5154050715204805,
            "corr_gold_90d": 0.07355104454184241
        }
    },
    "meta": {
        "failed_fetches": [],
        "success_count": 13,
        "failed_count": 0
    }
}